[
  {
    "id": 1,
    "name": "Robe Élégante",
    "name_en": "Elegant Dress",
    "name_es": "Vestido Elegante",
    "category": "Robes",
    "category_en": "Dresses",
    "category_es": "Vestidos",
    "price": 59.99,
    "image": "https://images.unsplash.com/photo-1572804013309-59a88b7e92f1?ixlib=rb-4.0.3&auto=format&fit=crop&w=800&q=80",
    "description": "Robe légère pour l'été",
    "description_en": "Light dress for summer",
    "description_es": "Vestido ligero para el verano"
  },
  {
    "id": 2,
    "name": "Pantalon Classique",
    "name_en": "Classic Pants",
    "name_es": "Pantalón Clásico",
    "category": "Pantalons",
    "category_en": "Pants",
    "category_es": "Pantalones",
    "price": 49.99,
    "image": "https://images.unsplash.com/photo-1542272604-787c3835535d?ixlib=rb-4.0.3&auto=format&fit=crop&w=800&q=80",
    "description": "Pantalon élégant pour toutes occasions",
    "description_en": "Elegant pants for all occasions",
    "description_es": "Pantalón elegante para todas las ocasiones"
  },
  {
    "id": 3,
    "name": "Jupe Longue",
    "name_en": "Long Skirt",
    "name_es": "Falda Larga",
    "category": "Jupes",
    "category_en": "Skirts",
    "category_es": "Faldas",
    "price": 39.99,
    "image": "https://images.unsplash.com/photo-1583496661160-fb5886a0aaaa?ixlib=rb-4.0.3&auto=format&fit=crop&w=800&q=80",
    "description": "Jupe longue et fluide",
    "description_en": "Long and fluid skirt",
    "description_es": "Falda larga y fluida"
  },
  {
    "id": 4,
    "name": "Collier en Argent",
    "name_en": "Silver Necklace",
    "name_es": "Collar de Plata",
    "category": "Bijoux",
    "category_en": "Jewelry",
    "category_es": "Joyas",
    "price": 29.99,
    "image": "https://images.unsplash.com/photo-1599643478518-a784e5dc4c8f?ixlib=rb-4.0.3&auto=format&fit=crop&w=800&q=80",
    "description": "Collier en argent avec pendentif",
    "description_en": "Silver necklace with pendant",
    "description_es": "Collar de plata con colgante"
  },
  {
    "id": 5,
    "name": "Chaussures à Talons",
    "name_en": "Heel Shoes",
    "name_es": "Zapatos de Tacón",
    "category": "Chaussures",
    "category_en": "Shoes",
    "category_es": "Zapatos",
    "price": 79.99,
    "image": "https://images.unsplash.com/photo-1543163521-1bf539c55dd2?ixlib=rb-4.0.3&auto=format&fit=crop&w=800&q=80",
    "description": "Chaussures élégantes à talons",
    "description_en": "Elegant heel shoes",
    "description_es": "Zapatos elegantes de tacón"
  },
  {
    "id": 6,
    "name": "Chemise Blanche",
    "name_en": "White Shirt",
    "name_es": "Camisa Blanca",
    "category": "Haut",
    "category_en": "Top",
    "category_es": "Parte Superior",
    "price": 34.99,
    "image": "https://images.unsplash.com/photo-1596755094514-f87e34085b2c?ixlib=rb-4.0.3&auto=format&fit=crop&w=800&q=80",
    "description": "Chemise blanche classique",
    "description_en": "Classic white shirt",
    "description_es": "Camisa blanca clásica"
  },
  {
    "id": 7,
    "name": "Sac à Main Cuir",
    "name_en": "Leather Handbag",
    "name_es": "Bolso de Mano de Cuero",
    "category": "Accessoires",
    "category_en": "Accessories",
    "category_es": "Accesorios",
    "price": 89.99,
    "image": "https://images.unsplash.com/photo-1584917865442-de89df76afd3?ixlib=rb-4.0.3&auto=format&fit=crop&w=800&q=80",
    "description": "Sac à main en cuir véritable",
    "description_en": "Genuine leather handbag",
    "description_es": "Bolso de mano de cuero genuino"
  },
  {
    "id": 8,
    "name": "Boucles d'Oreilles",
    "name_en": "Earrings",
    "name_es": "Pendientes",
    "category": "Bijoux",
    "category_en": "Jewelry",
    "category_es": "Joyas",
    "price": 24.99,
    "image": "https://images.unsplash.com/photo-1535632066927-ab7c9ab60908?ixlib=rb-4.0.3&auto=format&fit=crop&w=800&q=80",
    "description": "Boucles d'oreilles dorées",
    "description_en": "Golden earrings",
    "description_es": "Pendientes dorados"
  },
  {
    "id": 9,
    "name": "Veste en Jean",
    "name_en": "Denim Jacket",
    "name_es": "Chaqueta de Mezclilla",
    "category": "Vestes",
    "category_en": "Jackets",
    "category_es": "Chaquetas",
    "price": 65.99,
    "image": "https://images.unsplash.com/photo-1551028719-00167b16eac5?ixlib=rb-4.0.3&auto=format&fit=crop&w=800&q=80",
    "description": "Veste en jean décontractée",
    "description_en": "Casual denim jacket",
    "description_es": "Chaqueta de mezclilla casual"
  },
  {
    "id": 10,
    "name": "Baskets Sport",
    "name_en": "Sport Sneakers",
    "name_es": "Zapatillas Deportivas",
    "category": "Chaussures",
    "category_en": "Shoes",
    "category_es": "Zapatos",
    "price": 74.99,
    "image": "https://images.unsplash.com/photo-1549298916-b41d501d3772?ixlib=rb-4.0.3&auto=format&fit=crop&w=800&q=80",
    "description": "Baskets confortables pour le sport",
    "description_en": "Comfortable sneakers for sports",
    "description_es": "Zapatillas cómodas para deportes"
  }
]
